,OCC_CODE,TOT_EMP,A_MEAN
0,11-1011,"10,430","220,040"
1,11-1011,"10,430","220,040"
2,11-1021,"163,250","156,260"
3,11-2011,"6,590","174,870"
4,11-2021,"17,590","187,860"
5,11-2022,"23,120","198,390"
6,11-2031,"6,190","167,330"
7,11-3011,"18,350","137,480"
8,11-3021,"27,070","190,310"
9,11-3031,"42,460","210,510"
10,11-3031,"42,460","210,510"
11,11-3051,"5,310","132,480"
12,11-3051,"5,310","132,480"
13,11-3051,"5,310","132,480"
14,11-3051,"5,310","132,480"
15,11-3051,"5,310","132,480"
16,11-3051,"5,310","132,480"
17,11-3061,"4,020","147,470"
18,11-3071,"3,880","120,350"
19,11-3071,"3,880","120,350"
20,11-3071,"3,880","120,350"
21,11-3111,"1,510","161,950"
22,11-3121,"10,230","150,280"
23,11-3131,"3,340","153,180"
24,11-9013,60,*
25,11-9013,60,*
26,11-9013,60,*
27,11-9021,"10,970","131,950"
28,11-9031,"4,020","74,580"
29,11-9032,"20,670","127,970"
30,11-9033,"10,810","124,350"
31,11-9039,"2,050",*
32,11-9039,"2,050",*
33,11-9041,"7,330","161,670"
34,11-9041,"7,330","161,670"
35,11-9051,"8,850","77,760"
36,11-9061,540,"97,400"
37,11-9071,80,"103,330"
38,11-9081,780,"86,200"
39,11-9111,"25,830","143,030"
40,11-9121,"1,360","148,460"
41,11-9121,"1,360","148,460"
42,11-9121,"1,360","148,460"
43,11-9131,830,"78,630"
44,11-9141,"8,650","112,580"
45,11-9151,"13,110","86,700"
46,11-9161,680,"99,960"
47,11-9199,"16,600","124,160"
48,11-9199,"16,600","124,160"
49,11-9199,"16,600","124,160"
50,11-9199,"16,600","124,160"
51,11-9199,"16,600","124,160"
52,11-9199,"16,600","124,160"
53,11-9199,"16,600","124,160"
54,11-9199,"16,600","124,160"
55,11-9199,"16,600","124,160"
56,13-1011,"3,460","100,560"
57,13-1031,"18,510","71,950"
58,13-1031,"18,510","71,950"
59,13-1032,670,"69,460"
60,13-1041,"21,370","76,370"
61,13-1041,"21,370","76,370"
62,13-1041,"21,370","76,370"
63,13-1041,"21,370","76,370"
64,13-1041,"21,370","76,370"
65,13-1041,"21,370","76,370"
66,13-1051,"10,150","75,730"
67,13-1071,"41,300","75,650"
68,13-1075,"7,890","85,870"
69,13-1081,"3,430","76,240"
70,13-1081,"3,430","76,240"
71,13-1081,"3,430","76,240"
72,13-1111,"47,580","111,040"
73,13-1121,"10,340","67,990"
74,13-1131,"7,110","68,460"
75,13-1141,"8,810","76,680"
76,13-1151,"23,500","69,910"
77,13-1161,"63,520","77,230"
78,13-1199,"31,370","83,330"
79,13-1199,"31,370","83,330"
80,13-1199,"31,370","83,330"
81,13-1199,"31,370","83,330"
82,13-1199,"31,370","83,330"
83,13-1199,"31,370","83,330"
84,13-2011,"110,780","96,300"
85,13-2011,"110,780","96,300"
86,13-2021,"2,960","63,100"
87,13-2021,"2,960","63,100"
88,13-2031,"3,150","78,540"
89,13-2041,"7,440","119,180"
90,13-2051,"53,250","137,270"
91,13-2052,"26,710","164,260"
92,13-2053,"8,430","92,810"
93,13-2061,"9,030","115,980"
94,13-2071,"2,560","60,520"
95,13-2071,"2,560","60,520"
96,13-2072,"12,890","103,450"
97,13-2081,"4,830","70,560"
98,13-2082,"4,070","63,440"
99,13-2099,"4,450","96,480"
100,13-2099,"4,450","96,480"
101,13-2099,"4,450","96,480"
102,15-1111,"1,430","131,220"
103,15-1121,"44,030","106,320"
104,15-1121,"44,030","106,320"
105,15-1122,"6,930","122,000"
106,15-1131,"15,380","91,250"
107,15-1132,"52,640","116,830"
108,15-1133,"19,690","115,120"
109,15-1134,"12,030","79,880"
110,15-1141,"7,100","99,000"
111,15-1142,"25,940","94,940"
112,15-1143,"8,660","113,300"
113,15-1143,"8,660","113,300"
114,15-1151,"45,190","60,160"
115,15-1152,"12,930","79,200"
116,15-1199,**,"90,750"
117,15-1199,**,"90,750"
118,15-1199,**,"90,750"
119,15-1199,**,"90,750"
120,15-1199,**,"90,750"
121,15-1199,**,"90,750"
122,15-1199,**,"90,750"
123,15-1199,**,"90,750"
124,15-1199,**,"90,750"
125,15-1199,**,"90,750"
126,15-1199,**,"90,750"
127,15-1199,**,"90,750"
128,15-2011,"2,320","150,950"
129,15-2021,**,"84,670"
130,15-2031,"5,790","102,560"
131,15-2041,"1,120","95,870"
132,15-2041,"1,120","95,870"
133,15-2041,"1,120","95,870"
134,17-1011,"11,620","109,520"
135,17-1012,"1,540","82,510"
136,17-1021,170,"78,780"
137,17-1022,"1,800","77,660"
138,17-1022,"1,800","77,660"
139,17-2011,320,"115,420"
140,17-2031,440,"101,460"
141,17-2041,860,"100,380"
142,17-2051,"16,790","102,250"
143,17-2051,"16,790","102,250"
144,17-2061,"1,230","114,590"
145,17-2071,"10,500","103,740"
146,17-2072,"3,630","98,150"
147,17-2072,"3,630","98,150"
148,17-2081,"3,100","90,470"
149,17-2081,"3,100","90,470"
150,17-2111,"1,830","95,530"
151,17-2111,"1,830","95,530"
152,17-2111,"1,830","95,530"
153,17-2112,"12,030","94,700"
154,17-2112,"12,030","94,700"
155,17-2121,270,"120,860"
156,17-2121,270,"120,860"
157,17-2131,"1,020","100,880"
158,17-2141,"11,280","91,820"
159,17-2141,"11,280","91,820"
160,17-2141,"11,280","91,820"
161,17-2151,110,"90,240"
162,17-2161,410,"112,400"
163,17-2199,"4,910","95,270"
164,17-2199,"4,910","95,270"
165,17-2199,"4,910","95,270"
166,17-2199,"4,910","95,270"
167,17-2199,"4,910","95,270"
168,17-2199,"4,910","95,270"
169,17-2199,"4,910","95,270"
170,17-2199,"4,910","95,270"
171,17-2199,"4,910","95,270"
172,17-2199,"4,910","95,270"
173,17-2199,"4,910","95,270"
174,17-3011,"5,730","59,770"
175,17-3011,"5,730","59,770"
176,17-3012,"1,380","69,500"
177,17-3012,"1,380","69,500"
178,17-3013,"2,780","57,780"
179,17-3021,160,"75,070"
180,17-3022,"2,010","61,020"
181,17-3023,"6,060","65,310"
182,17-3023,"6,060","65,310"
183,17-3024,240,"67,440"
184,17-3024,240,"67,440"
185,17-3025,640,"58,010"
186,17-3026,"3,150","57,200"
187,17-3027,"1,310","60,000"
188,17-3027,"1,310","60,000"
189,17-3029,"2,200","63,780"
190,17-3029,"2,200","63,780"
191,17-3029,"2,200","63,780"
192,17-3029,"2,200","63,780"
193,17-3029,"2,200","63,780"
194,17-3029,"2,200","63,780"
195,17-3029,"2,200","63,780"
196,17-3029,"2,200","63,780"
197,17-3029,"2,200","63,780"
198,17-3029,"2,200","63,780"
199,17-3029,"2,200","63,780"
200,17-3031,"1,820","52,470"
201,17-3031,"1,820","52,470"
202,19-1011,130,"62,140"
203,19-1012,480,"61,630"
204,19-1013,140,"83,530"
205,19-1021,870,"68,990"
206,19-1022,680,"80,500"
207,19-1023,370,"75,290"
208,19-1029,690,"89,000"
209,19-1029,690,"89,000"
210,19-1029,690,"89,000"
211,19-1031,500,*
212,19-1031,500,*
213,19-1031,500,*
214,19-1032,250,"65,620"
215,19-1041,210,"91,880"
216,19-1042,"9,500","95,170"
217,19-2012,950,"138,920"
218,19-2021,460,"89,840"
219,19-2031,"3,360","85,590"
220,19-2032,330,"101,310"
221,19-2041,"4,400","79,340"
222,19-2041,"4,400","79,340"
223,19-2041,"4,400","79,340"
224,19-2041,"4,400","79,340"
225,19-2042,700,"76,360"
226,19-2043,170,"75,560"
227,19-2099,900,"103,970"
228,19-3011,750,"127,520"
229,19-3011,750,"127,520"
230,19-3022,710,"74,130"
231,19-3031,"11,370","94,140"
232,19-3031,"11,370","94,140"
233,19-3031,"11,370","94,140"
234,19-3039,480,"99,640"
235,19-3041,190,"75,800"
236,19-3051,"1,410","76,730"
237,19-3091,60,"67,860"
238,19-3091,60,"67,860"
239,19-3093,400,"32,640"
240,19-3094,90,"122,440"
241,19-3099,"2,410","84,940"
242,19-4011,"1,040","51,940"
243,19-4011,"1,040","51,940"
244,19-4021,"3,460","49,180"
245,19-4031,"2,790","53,000"
246,19-4041,110,"54,920"
247,19-4041,110,"54,920"
248,19-4051,330,"95,940"
249,19-4051,330,"95,940"
250,19-4061,"6,290","49,000"
251,19-4061,"6,290","49,000"
252,19-4091,"2,400","52,810"
253,19-4092,840,"66,650"
254,19-4093,390,"42,070"
255,19-4099,"6,930","53,380"
256,19-4099,"6,930","53,380"
257,19-4099,"6,930","53,380"
258,21-1012,"24,940","67,920"
259,21-1013,970,"49,420"
260,21-1015,"9,720","36,040"
261,21-1021,"28,530","58,050"
262,21-1022,"13,290","62,280"
263,21-1023,"11,470","62,130"
264,21-1091,"4,640","57,010"
265,21-1092,"4,770","70,690"
266,21-1093,"37,340","37,180"
267,21-1094,"6,590","44,340"
268,21-2011,"7,320","57,550"
269,21-2021,"4,960","45,340"
270,23-1011,"76,840","167,110"
271,23-1012,700,"121,110"
272,23-1021,"1,390","106,500"
273,23-1022,410,"85,910"
274,23-1023,"3,170","158,970"
275,23-2011,"25,500","58,750"
276,23-2091,"1,430","90,040"
277,23-2093,"2,140","60,500"
278,25-1011,"8,910","110,500"
279,25-1021,"3,030","105,860"
280,25-1022,"4,700","105,070"
281,25-1031,970,"135,190"
282,25-1032,"2,900","127,010"
283,25-1041,390,"99,920"
284,25-1042,"4,590","102,800"
285,25-1043,160,"81,450"
286,25-1051,880,"108,020"
287,25-1052,"2,270","102,260"
288,25-1053,820,"90,160"
289,25-1054,"1,430","117,370"
290,25-1061,"1,080","112,460"
291,25-1062,"1,510","93,280"
292,25-1063,"1,650","129,370"
293,25-1064,220,"90,390"
294,25-1065,"1,680","125,360"
295,25-1066,"4,840","99,690"
296,25-1067,"1,290","90,250"
297,25-1071,"22,170","127,230"
298,25-1072,"4,380","91,900"
299,25-1081,"5,590","88,580"
300,25-1082,450,"84,610"
301,25-1111,"1,450","62,080"
302,25-1112,"3,440","137,990"
303,25-1113,"2,760","91,680"
304,25-1121,"11,530","99,870"
305,25-1122,"3,080","90,470"
306,25-1123,"7,700","92,170"
307,25-1124,"3,130","87,670"
308,25-1125,"2,050","93,000"
309,25-1126,"3,530","80,480"
310,25-1191,"10,220","38,520"
311,25-1193,"1,320","78,150"
312,25-1194,"3,630","65,830"
313,25-2011,"30,790","48,630"
314,25-2012,"6,120","79,410"
315,25-2021,"82,590","83,010"
316,25-2022,"39,950","83,490"
317,25-2023,"1,360","82,210"
318,25-2031,"74,830","85,300"
319,25-2032,"4,480","76,000"
320,25-2051,"4,860","83,010"
321,25-2052,"18,790","77,840"
322,25-2053,"10,970","83,050"
323,25-2054,"17,420","86,330"
324,25-3011,"4,530","75,720"
325,25-3021,"31,840","56,060"
326,25-4011,"1,170","56,270"
327,25-4012,"1,570","73,850"
328,25-4013,"1,490","56,040"
329,25-4021,"12,690","68,520"
330,25-4031,"8,120","35,050"
331,25-9011,550,"59,150"
332,25-9021,70,"45,250"
333,25-9031,"14,150","71,440"
334,25-9031,"14,150","71,440"
335,25-9041,"123,960","31,330"
336,27-1011,"8,320","124,710"
337,27-1012,170,"59,630"
338,27-1013,"1,410",*
339,27-1014,"2,060","86,490"
340,27-1021,"1,990","74,830"
341,27-1022,"7,550","95,830"
342,27-1023,"2,020","33,520"
343,27-1024,"21,350","64,840"
344,27-1025,"4,780","66,790"
345,27-1026,"6,660","36,200"
346,27-1027,"2,000","76,650"
347,27-2011,"6,820",*
348,27-2012,"26,110","115,610"
349,27-2012,"26,110","115,610"
350,27-2012,"26,110","115,610"
351,27-2012,"26,110","115,610"
352,27-2012,"26,110","115,610"
353,27-2021,300,"102,930"
354,27-2022,"10,320","56,320"
355,27-2023,890,*
356,27-2031,"1,800",*
357,27-2032,60,"85,720"
358,27-2041,"2,780","66,120"
359,27-2041,"2,780","66,120"
360,27-2042,"7,840",*
361,27-2042,"7,840",*
362,27-3011,"1,690","74,220"
363,27-3012,480,"56,080"
364,27-3021,880,"111,340"
365,27-3022,"4,540","81,930"
366,27-3031,"24,510","74,000"
367,27-3041,"19,140","83,070"
368,27-3042,"2,460","76,380"
369,27-3043,"7,410","86,380"
370,27-3043,"7,410","86,380"
371,27-3091,"3,300","68,940"
372,27-4011,"7,780","55,140"
373,27-4012,"5,590","57,460"
374,27-4013,40,*
375,27-4014,"1,770","82,030"
376,27-4021,"4,090","53,150"
377,27-4031,"2,270","86,430"
378,27-4032,"4,590","92,170"
379,29-1011,"1,970","83,800"
380,29-1021,"8,700","164,520"
381,29-1022,490,"249,460"
382,29-1023,150,"250,890"
383,29-1031,"4,710","68,050"
384,29-1041,"2,040","124,820"
385,29-1051,"20,400","121,030"
386,29-1061,"1,500","255,500"
387,29-1062,"2,230","192,900"
388,29-1063,"2,260","195,250"
389,29-1064,"1,200","230,250"
390,29-1065,"1,820","178,680"
391,29-1066,"3,590","208,750"
392,29-1067,"1,710","250,620"
393,29-1069,"44,830","171,060"
394,29-1069,"44,830","171,060"
395,29-1069,"44,830","171,060"
396,29-1069,"44,830","171,060"
397,29-1069,"44,830","171,060"
398,29-1069,"44,830","171,060"
399,29-1069,"44,830","171,060"
400,29-1069,"44,830","171,060"
401,29-1069,"44,830","171,060"
402,29-1069,"44,830","171,060"
403,29-1069,"44,830","171,060"
404,29-1069,"44,830","171,060"
405,29-1071,"12,060","117,000"
406,29-1071,"12,060","117,000"
407,29-1081,"1,140","156,960"
408,29-1122,"9,740","88,370"
409,29-1122,"9,740","88,370"
410,29-1123,"16,660","87,470"
411,29-1124,"1,150","99,710"
412,29-1125,"1,500","55,370"
413,29-1125,"1,500","55,370"
414,29-1125,"1,500","55,370"
415,29-1126,"5,740","74,890"
416,29-1127,"12,750","90,820"
417,29-1128,320,"68,180"
418,29-1131,"3,240","117,800"
419,29-1141,"182,490","85,610"
420,29-1141,"182,490","85,610"
421,29-1141,"182,490","85,610"
422,29-1141,"182,490","85,610"
423,29-1141,"182,490","85,610"
424,29-1151,"1,770","191,130"
425,29-1161,450,"110,150"
426,29-1171,"13,710","120,970"
427,29-1181,"1,010","83,390"
428,29-1199,"2,700","77,400"
429,29-1199,"2,700","77,400"
430,29-1199,"2,700","77,400"
431,29-2021,"11,300","76,280"
432,29-2031,"3,280","63,690"
433,29-2032,"5,210","74,960"
434,29-2033,"1,040","87,560"
435,29-2034,"12,780","69,250"
436,29-2035,"2,300","81,010"
437,29-2041,"17,520","44,120"
438,29-2051,"1,090","41,620"
439,29-2052,"19,320","34,640"
440,29-2053,"1,550","44,100"
441,29-2054,220,"56,780"
442,29-2055,"5,750","55,310"
443,29-2056,"4,810","43,190"
444,29-2057,**,"34,870"
445,29-2061,"46,500","48,770"
446,29-2071,"10,180","47,420"
447,29-2081,"3,240","54,730"
448,29-2091,570,"79,990"
449,29-2092,90,"52,870"
450,29-2099,"5,280","55,700"
451,29-2099,"5,280","55,700"
452,29-2099,"5,280","55,700"
453,29-2099,"5,280","55,700"
454,29-9011,"3,780","76,020"
455,29-9012,850,"61,850"
456,29-9091,"1,440","49,960"
457,29-9092,160,"86,810"
458,29-9099,870,"74,750"
459,31-1011,"191,820","26,240"
460,31-1013,"5,560","43,520"
461,31-1014,"91,400","37,010"
462,31-1015,"3,240","35,130"
463,31-2011,"2,360","60,890"
464,31-2012,280,"46,600"
465,31-2021,"4,700","52,720"
466,31-2022,"3,090","30,230"
467,31-9011,"4,770","52,830"
468,31-9091,"19,110","39,130"
469,31-9092,"26,080","37,560"
470,31-9093,"3,600","43,450"
471,31-9094,"1,450","42,020"
472,31-9095,"2,050","31,450"
473,31-9096,"4,030","32,320"
474,31-9097,"6,190","40,630"
475,31-9099,"6,360","37,380"
476,31-9099,"6,360","37,380"
477,33-1011,"3,890","90,600"
478,33-1012,"12,650","115,940"
479,33-1021,"4,010","107,730"
480,33-1021,"4,010","107,730"
481,33-2011,"11,880","73,710"
482,33-2011,"11,880","73,710"
483,33-2021,"1,060","66,580"
484,33-2021,"1,060","66,580"
485,33-3011,"4,010","66,990"
486,33-3012,"35,460","64,490"
487,33-3021,"8,880","91,250"
488,33-3021,"8,880","91,250"
489,33-3021,"8,880","91,250"
490,33-3021,"8,880","91,250"
491,33-3021,"8,880","91,250"
492,33-3031,400,"68,000"
493,33-3041,540,"43,230"
494,33-3051,"53,560","74,860"
495,33-3051,"53,560","74,860"
496,33-3052,"1,620","81,300"
497,33-9011,770,"37,990"
498,33-9021,"1,720","61,950"
499,33-9031,240,"34,100"
500,33-9032,"118,760","35,820"
501,33-9091,"9,820","37,220"
502,33-9092,"7,860","27,630"
503,33-9093,"3,760","41,600"
504,33-9099,"23,700","31,410"
505,35-1011,"15,500","56,020"
506,35-1012,"47,640","41,510"
507,35-2011,"9,940","26,210"
508,35-2012,"16,180","34,800"
509,35-2014,"73,340","30,440"
510,35-2015,"8,890","27,580"
511,35-2021,"61,600","28,520"
512,35-3011,"44,370","34,800"
513,35-3021,"189,740","25,470"
514,35-3022,"28,040","25,680"
515,35-3022,"28,040","25,680"
516,35-3031,"167,250","34,460"
517,35-3041,"17,310","32,500"
518,35-9011,"36,300","29,760"
519,35-9021,"32,940","26,410"
520,35-9031,"19,950","28,400"
521,37-1011,"12,080","55,040"
522,37-1012,"5,400","59,460"
523,37-2011,"190,600","35,080"
524,37-2012,"48,460","35,730"
525,37-2021,"3,210","39,960"
526,37-3011,"44,570","34,820"
527,37-3012,610,"42,530"
528,37-3013,"2,030","52,170"
529,39-1021,"21,600","46,170"
530,39-1021,"21,600","46,170"
531,39-2011,"1,330","36,610"
532,39-2021,"13,110","29,780"
533,39-3011,"2,080","34,050"
534,39-3012,580,"29,810"
535,39-3021,140,"43,420"
536,39-3031,"12,510","29,510"
537,39-3091,"17,700","26,360"
538,39-3092,"1,200","68,080"
539,39-3093,"1,660","31,160"
540,39-4011,**,"91,760"
541,39-4021,"1,370","30,910"
542,39-4031,"1,320","68,130"
543,39-5011,**,"29,910"
544,39-5012,"23,650","30,920"
545,39-5091,510,"77,030"
546,39-5092,"24,190","24,970"
547,39-5093,"1,120","23,380"
548,39-5094,"5,330","39,740"
549,39-6011,"3,980","34,130"
550,39-6012,"6,110","44,820"
551,39-9011,"47,260","28,820"
552,39-9011,"47,260","28,820"
553,39-9021,"199,060","27,640"
554,39-9031,"24,160","59,520"
555,39-9032,"27,760","33,150"
556,39-9041,"8,430","35,740"
557,41-1011,"66,620","50,640"
558,41-1012,"22,340","107,430"
559,41-2011,"197,490","25,540"
560,41-2012,"1,050","36,270"
561,41-2021,"20,500","31,650"
562,41-2022,"10,800","38,200"
563,41-2031,"301,670","30,100"
564,41-3011,"20,740","84,310"
565,41-3021,"21,230","84,540"
566,41-3031,"68,120","161,580"
567,41-3031,"68,120","161,580"
568,41-3031,"68,120","161,580"
569,41-3041,"6,000","40,000"
570,41-3099,"70,340","77,680"
571,41-4011,"16,470","104,900"
572,41-4011,"16,470","104,900"
573,41-4012,"76,590","72,820"
574,41-9011,"6,000","37,430"
575,41-9012,290,"34,720"
576,41-9021,"1,550","85,190"
577,41-9022,"4,870","116,460"
578,41-9031,"2,390","111,620"
579,41-9041,"5,450","31,790"
580,41-9091,**,"49,350"
581,43-1011,"112,510","70,770"
582,43-2011,"3,850","38,020"
583,43-2021,840,"48,270"
584,43-3011,"16,090","42,310"
585,43-3021,"34,360","43,840"
586,43-3021,"34,360","43,840"
587,43-3031,"104,580","45,590"
588,43-3041,**,"34,040"
589,43-3051,"8,940","47,960"
590,43-3061,"3,880","44,990"
591,43-3071,"24,920","31,680"
592,43-4011,"5,140","67,730"
593,43-4021,160,"43,140"
594,43-4031,"7,420","56,890"
595,43-4031,"7,420","56,890"
596,43-4031,"7,420","56,890"
597,43-4041,"1,410","48,420"
598,43-4041,"1,410","48,420"
599,43-4051,"159,010","40,830"
600,43-4051,"159,010","40,830"
601,43-4061,"12,090","49,440"
602,43-4071,"7,290","34,170"
603,43-4081,"10,550","33,860"
604,43-4111,"15,100","40,200"
605,43-4121,"6,630","33,900"
606,43-4131,"6,440","45,520"
607,43-4141,"1,220","42,780"
608,43-4151,"5,980","34,490"
609,43-4161,"10,280","45,260"
610,43-4171,"95,740","34,430"
611,43-4181,"8,130","41,280"
612,43-5011,"7,160","45,310"
613,43-5011,"7,160","45,310"
614,43-5021,"9,630","33,620"
615,43-5031,"5,450","47,600"
616,43-5032,"13,520","48,570"
617,43-5041,"1,160","59,670"
618,43-5051,"5,780","51,420"
619,43-5052,"22,400","52,150"
620,43-5053,"8,920","51,390"
621,43-5061,"38,020","50,850"
622,43-5071,"26,870","37,480"
623,43-5081,"110,880","29,220"
624,43-5081,"110,880","29,220"
625,43-5081,"110,880","29,220"
626,43-5081,"110,880","29,220"
627,43-5111,"2,750","34,440"
628,43-6011,"92,120","72,040"
629,43-6012,"15,440","55,920"
630,43-6013,"8,890","40,850"
631,43-6014,"178,520","41,190"
632,43-9011,"3,390","48,280"
633,43-9021,"12,490","37,230"
634,43-9022,"17,150","43,880"
635,43-9031,850,"55,260"
636,43-9041,"9,760","48,740"
637,43-9041,"9,760","48,740"
638,43-9051,"8,990","36,150"
639,43-9061,"189,360","35,410"
640,43-9071,"4,100","36,180"
641,43-9081,"1,530","46,370"
642,43-9111,570,"55,620"
643,43-9111,570,"55,620"
644,45-1011,300,"56,750"
645,45-1011,300,"56,750"
646,45-1011,300,"56,750"
647,45-1011,300,"56,750"
648,45-2011,300,"63,330"
649,45-2021,170,"45,010"
650,45-2041,50,"28,050"
651,45-2091,120,"37,430"
652,45-2092,"3,040","32,720"
653,45-2092,"3,040","32,720"
654,45-2093,550,"33,010"
655,45-4011,140,"39,100"
656,45-4021,50,"63,040"
657,45-4022,430,"40,470"
658,45-4023,70,"40,060"
659,47-1011,"28,370","85,990"
660,47-1011,"28,370","85,990"
661,47-2011,440,"69,820"
662,47-2021,"5,600","77,540"
663,47-2022,"1,020","41,560"
664,47-2031,"50,200","62,880"
665,47-2031,"50,200","62,880"
666,47-2041,"1,070","49,860"
667,47-2042,820,"51,220"
668,47-2043,**,"45,950"
669,47-2044,"2,330","56,500"
670,47-2051,"6,800","72,610"
671,47-2053,70,"81,630"
672,47-2061,"63,020","51,720"
673,47-2071,"1,800","59,100"
674,47-2072,80,*
675,47-2073,"13,160","81,930"
676,47-2081,"5,490","49,600"
677,47-2082,710,"63,490"
678,47-2111,"42,450","77,810"
679,47-2121,"2,970","61,680"
680,47-2131,980,"38,690"
681,47-2132,830,"80,240"
682,47-2141,"14,300","49,980"
683,47-2142,**,"45,650"
684,47-2151,860,"58,260"
685,47-2152,"29,120","73,820"
686,47-2152,"29,120","73,820"
687,47-2161,"1,100",*
688,47-2171,"1,180","74,600"
689,47-2181,"4,910","65,520"
690,47-2211,"7,350","70,070"
691,47-2221,"5,940","85,410"
692,47-2231,770,"48,630"
693,47-3011,"1,460","45,960"
694,47-3012,"1,240","32,050"
695,47-3013,"4,310","39,470"
696,47-3014,410,"41,080"
697,47-3015,"3,520","37,960"
698,47-3016,190,"30,410"
699,47-4011,"8,340","66,160"
700,47-4021,"4,640","83,110"
701,47-4031,650,"39,190"
702,47-4041,"4,460","61,780"
703,47-4051,"14,920","45,880"
704,47-4061,"2,960","69,080"
705,47-4071,"1,560","42,090"
706,47-5012,**,"53,120"
707,47-5021,540,"66,980"
708,47-5031,110,"72,090"
709,47-5041,80,"45,740"
710,47-5042,110,"39,720"
711,47-5051,110,"34,590"
712,47-5081,50,"43,670"
713,49-1011,"26,140","78,130"
714,49-2011,"6,590","45,210"
715,49-2021,630,"60,380"
716,49-2021,630,"60,380"
717,49-2022,"10,520","69,980"
718,49-2091,40,"67,550"
719,49-2092,420,"46,890"
720,49-2093,510,"64,470"
721,49-2094,"1,510","58,290"
722,49-2095,"2,590","83,420"
723,49-2096,720,"37,280"
724,49-2097,"2,020","43,370"
725,49-2098,"4,890","54,410"
726,49-3011,"3,070","67,840"
727,49-3021,"6,710","46,460"
728,49-3022,"1,060","34,020"
729,49-3023,"34,370","44,350"
730,49-3023,"34,370","44,350"
731,49-3031,"12,840","55,340"
732,49-3041,540,"41,150"
733,49-3042,"2,830","58,700"
734,49-3043,"1,660","71,250"
735,49-3051,"1,210","41,360"
736,49-3052,570,"39,350"
737,49-3053,"1,540","41,630"
738,49-3091,480,"31,600"
739,49-3092,440,"37,220"
740,49-3093,"2,700","29,240"
741,49-9011,"1,120","43,300"
742,49-9012,"4,560","73,540"
743,49-9021,"19,160","59,780"
744,49-9021,"19,160","59,780"
745,49-9031,"2,130","37,490"
746,49-9041,"10,420","57,660"
747,49-9043,"3,150","54,270"
748,49-9044,990,"65,060"
749,49-9045,50,"64,340"
750,49-9051,"5,300","77,340"
751,49-9052,"10,220","72,840"
752,49-9061,140,"47,900"
753,49-9062,"2,300","61,000"
754,49-9063,570,"39,200"
755,49-9064,310,"35,340"
756,49-9071,"108,050","46,030"
757,49-9081,100,"53,820"
758,49-9091,"1,850","46,770"
759,49-9092,**,"68,210"
760,49-9094,710,"54,230"
761,49-9095,170,"30,690"
762,49-9096,470,"80,210"
763,49-9098,"5,080","38,170"
764,49-9099,"6,860","40,390"
765,51-1011,"25,290","68,830"
766,51-2011,50,"49,750"
767,51-2021,280,"33,540"
768,51-2031,940,"51,360"
769,51-2041,"1,760","49,280"
770,51-2091,220,"40,570"
771,51-3011,"12,000","30,990"
772,51-3021,"8,140","36,500"
773,51-3022,"1,770","29,090"
774,51-3023,640,"30,280"
775,51-3091,720,"32,340"
776,51-3092,"8,220","30,000"
777,51-3093,890,"33,290"
778,51-4011,"4,630","38,700"
779,51-4012,"1,010","55,720"
780,51-4021,"1,410","36,670"
781,51-4022,240,"42,680"
782,51-4023,**,"43,580"
783,51-4031,"4,100","40,240"
784,51-4032,190,"34,560"
785,51-4033,"2,060","39,010"
786,51-4034,"1,430","40,720"
787,51-4035,650,"43,980"
788,51-4041,"14,000","47,010"
789,51-4051,600,"45,410"
790,51-4052,260,"46,420"
791,51-4061,110,"63,360"
792,51-4062,30,"49,640"
793,51-4071,260,"40,910"
794,51-4072,"3,490","32,650"
795,51-4081,"3,320","37,450"
796,51-4111,"1,870","53,290"
797,51-4121,"9,980","48,040"
798,51-4121,"9,980","48,040"
799,51-4122,450,"41,000"
800,51-4191,590,"38,740"
801,51-4192,60,"46,130"
802,51-4193,"1,670","34,640"
803,51-4194,170,"40,910"
804,51-5111,"1,690","45,860"
805,51-5112,"9,380","41,770"
806,51-5113,"1,680","35,750"
807,51-6011,"15,980","26,610"
808,51-6021,"1,760","27,660"
809,51-6031,"10,410","30,020"
810,51-6041,510,"27,580"
811,51-6042,70,"26,240"
812,51-6051,560,"29,310"
813,51-6052,"1,290","39,700"
814,51-6061,90,"28,140"
815,51-6062,510,"37,690"
816,51-6063,970,"31,640"
817,51-6064,230,"28,420"
818,51-6092,970,"71,110"
819,51-6093,"1,050","39,930"
820,51-7011,"4,050","44,040"
821,51-7021,870,"38,500"
822,51-7031,30,"44,730"
823,51-7041,960,"33,970"
824,51-7042,"1,320","35,300"
825,51-8012,210,"104,310"
826,51-8013,"1,850","87,360"
827,51-8021,"3,870","77,570"
828,51-8031,"4,720","59,190"
829,51-8091,550,"56,400"
830,51-8092,290,"77,460"
831,51-8093,**,"53,470"
832,51-8099,150,"63,550"
833,51-8099,150,"63,550"
834,51-8099,150,"63,550"
835,51-9011,"2,610","45,880"
836,51-9012,"2,150","45,140"
837,51-9021,"1,290","39,300"
838,51-9022,"1,760","36,460"
839,51-9023,"6,230","38,150"
840,51-9031,530,"41,310"
841,51-9032,"2,230","35,890"
842,51-9041,"2,710","41,110"
843,51-9051,480,"43,210"
844,51-9061,"22,890","42,580"
845,51-9071,"4,390","50,380"
846,51-9071,"4,390","50,380"
847,51-9071,"4,390","50,380"
848,51-9081,"1,790","50,250"
849,51-9082,630,"41,580"
850,51-9083,"2,760","36,040"
851,51-9111,"16,590","31,590"
852,51-9121,"1,900","36,170"
853,51-9122,"1,630","49,550"
854,51-9123,590,"39,090"
855,51-9141,910,"50,920"
856,51-9151,"1,160","45,300"
857,51-9191,300,"35,530"
858,51-9192,360,"36,740"
859,51-9193,310,"34,810"
860,51-9194,170,"47,020"
861,51-9195,990,"37,080"
862,51-9195,990,"37,080"
863,51-9195,990,"37,080"
864,51-9195,990,"37,080"
865,51-9196,"4,130","37,950"
866,51-9198,"6,860","30,020"
867,51-9199,"4,650","36,960"
868,53-1011,350,"51,700"
869,53-2011,"6,240","108,420"
870,53-2012,"1,020","127,590"
871,53-2021,"1,230","130,840"
872,53-2022,420,"58,630"
873,53-2031,"10,480","48,960"
874,53-3011,"1,260","36,270"
875,53-3021,"19,630","60,220"
876,53-3022,"49,390","41,840"
877,53-3031,"21,420","30,370"
878,53-3032,"62,360","50,460"
879,53-3033,"46,030","38,160"
880,53-3041,"16,650","34,650"
881,53-4011,"1,550","77,150"
882,53-4013,110,"72,370"
883,53-4021,600,"72,170"
884,53-4031,"5,900","66,560"
885,53-5011,"1,570","48,740"
886,53-5021,"2,040","95,370"
887,53-5021,"2,040","95,370"
888,53-5021,"2,040","95,370"
889,53-5022,70,"65,120"
890,53-5031,590,"100,430"
891,53-6011,290,"48,250"
892,53-6021,"16,220","26,220"
893,53-6031,"4,660","25,840"
894,53-6041,"1,250","62,100"
895,53-6061,"2,710","27,590"
896,53-7011,420,"36,560"
897,53-7021,"1,260",*
898,53-7032,"2,210","72,400"
899,53-7041,80,"53,030"
900,53-7051,"16,010","42,340"
901,53-7061,"19,520","33,830"
902,53-7062,"130,850","33,940"
903,53-7063,"1,370","31,470"
904,53-7064,"23,220","28,240"
905,53-7071,70,"58,440"
906,53-7081,"10,480","56,710"
